company_user_id|company_id|company_manager_id|display_name|given_name|middle_name|last_name|job_title|job_number|group_id|city|state|zip|country|email|language|hire_date|rehire_date|status|zones_assigned|zones_completed|record_sequence_id
US1898747|Starbucks|US1745900|Keith|Keith||Rogers|automation specialist|50001900|0000710560|Kent|WA|980320000|US|KROGERS@STARBUCKS.COM|EN|2013-05-20||1|||000000000000007723097
US1980417|Starbucks|US234007|Elliereen michelle|Elliereen michelle|Mary|Gonzalez|barista|50000362|00202|CHICAGO|IL|606110000|US||EN|2014-03-24||1|||000000000000007945645
US1981313|Starbucks|US234007|John|John|Anthony|Giletto|barista|50000362|00202|CHICAGO|IL|606110000|US||EN|2014-03-20||1|||000000000000007946190
US1982743|Starbucks|US1867760|Anton|Anton||Chancellor|barista|50000362|15407|SEATTLE|WA|981011425|US||EN|2014-03-25||1|||000000000000007762377
US1983888|Starbucks|US1652453|Kayla|Kayla||Mckeirnan|barista|50000362|17523|ATLANTA|GA|303080000|US||EN|2014-03-31||1|||000000000000007763081
US1984471|Starbucks|US1731527|Alycia|Alycia|Anne|Lochridge|barista|50000362|05184|SEATTLE|WA|981120000|US||EN|2014-04-10||1|||000000000000007763448
US1476315|Starbucks|US1662341|Mandy|Amanda||Swehla|project manager sr|50004178|0000895830|Seattle|WA|981340000|US|MSWEHLA@STARBUCKS.COM|EN|2007-05-29||1|||000000000000007653244
US2019765|Starbucks|US1567692|Sarah|Sarah||Bowman|barista|50000362|08394|FRANKLIN|TN|370640000|US||EN|2014-06-16||1|||000000000000007962768
US2019767|Starbucks|US1015121|Elizabeth|Elizabeth||Lopez|barista|50000362|05379|HOLLYWOOD|CA|900288521|US||EN|2014-06-16||1|||000000000000007962769
US2019773|Starbucks|US1723873|Jacob|Jacob||Suedbeck|barista|50000362|10928|SUSSEX|WI|530890000|US||EN|2014-06-17||1|||000000000000007962774
US2019775|Starbucks|US1438250|Michael|Michael|Scott|Arbulu|barista|50000362|09890|CINCINNATI|OH|452360000|US||EN|2014-06-16||1|||000000000000007962776
US2019779|Starbucks|US1152626|Sarah|Sarah|Marie|Van brakel|barista|50000362|09989|CANTON|MI|481870000|US||EN|2014-06-16||1|||000000000000007962780
US2019780|Starbucks|US1501080|Dante|Dante|Lionel|Evans II|barista|50000362|06516|LAS VEGAS|NV|891290000|US||EN|2014-06-16||1|||000000000000007962781
US2019782|Starbucks|US297098|Julian|Julian|Martin|Marrufo|barista|50000362|03446|SUGARLAND|TX|774790000|US||EN|2014-06-16||1|||000000000000007962783
US2019788|Starbucks|US1681787|Michelle|Michelle|Lee|Howington|barista|50000362|09575|WAXAHACHIE|TX|751650000|US||EN|2014-06-16||1|||000000000000007962785
US2019789|Starbucks|US1529246|Cody|Cody||Newlon|barista|50000362|10078|SPRINGFIELD|MO|658040000|US||EN|2014-06-06||1|||000000000000007962786
US2019790|Starbucks|US1020848|Marion|Marion||Brittingham|barista|50000362|09262|FORT BRAGG|CA|954375107|US||EN|2014-06-16||1|||000000000000007962787
US2019791|Starbucks|US1384092|Marchae|Marchae|Taitiana|Sterling II|barista|50000362|10899|MIDDLETOWN|DE|197090000|US||EN|2014-06-16||1|||000000000000007962788
US2019793|Starbucks|US1653418|Maggie|Maggie|Anne|Bourne|barista|50000362|10374|LEXINGTON|KY|405033381|US||EN|2014-06-16||1|||000000000000007962790
US2019794|Starbucks|US1137504|Brittany|Brittany|Kelly eunice|Harrington|barista|50000362|11960|FAIRVIEW HEIGHTS|IL|622080000|US||EN|2014-06-16||1|||000000000000007962791
US2019797|Starbucks|US1983232|Sophia|Sophia|Catherine|Skelly|barista|50000362|11292|COLUMBIA|SC|292290000|US||EN|2014-06-16||1|||000000000000007778103
US2019798|Starbucks|US1015121|Sima|Sima||Stepanyan|barista|50000362|05379|HOLLYWOOD|CA|900288521|US||EN|2014-06-16||1|||000000000000007778104
US2019799|Starbucks|US1407984|Mary|Mary|Caitlin|Donohue|barista|50000362|05669|SAN FRANCISCO|CA|941271207|US||EN|2014-06-16||1|||000000000000007778105
US2019800|Starbucks|US1490399|Curtis|Curtis||Brooks Jr|barista|50000362|02305|MILWAUKEE|WI|532020000|US||EN|2014-06-16||1|||000000000000007778106
US2019801|Starbucks|US1242037|Anthony|Anthony||Reyes|barista|50000362|06794|ALHAMBRA|CA|918031325|US||EN|2014-06-23||1|||000000000000007778107
US2019803|Starbucks|US1769642|Ryder|Ryder|Dale|Mills|barista|50000362|08870|SPRINGFIELD|IL|627040000|US||EN|2014-06-16||1|||000000000000007778108
US2019804|Starbucks|US1687061|Matthew|Matthew|William|Baird|barista|50000362|08568|DULUTH|GA|300970000|US||EN|2014-06-16||1|||000000000000007778109
US2019806|Starbucks|US1298672|John|John|Reyes|Duran|barista|50000362|06630|VAN NUYS|CA|914010000|US||EN|2014-06-16||1|||000000000000007778111
US2019808|Starbucks|US1562159|Kendra|Kendra|Elizabeth|Collins|barista|50000362|08108|FRESNO|CA|937205474|US||EN|2014-06-16||1|||000000000000007778112
US2019811|Starbucks|US316964|Taynara|Taynara||Gomes de barros|barista|50000362|08538|TAMPA|FL|336290000|US||EN|2014-06-16||1|||000000000000007778114
US2019813|Starbucks|US1165381|Jessica|Jessica|Katelynn|Davis|barista|50000362|19070|BRADENTON|FL|342080000|US||EN|2014-06-16||1|||000000000000007778115
US2019814|Starbucks|US1500849|Christina|Christina|Lauren|Cwikiel|barista|50000362|02910|PALM BEACH GARDENS|FL|334030000|US||EN|2014-06-20||1|||000000000000007778116
US2019816|Starbucks|US1380685|Taylor|Taylor||Hill|barista|50000362|02488|MINNEAPOLIS|MN|554140000|US||EN|2014-06-16||1|||000000000000007778118
US2019817|Starbucks|US1666297|Lindsay|Lindsay|Jo|Dydek|barista|50000362|08584|GAINESVILLE|FL|326080000|US||EN|2014-06-16||1|||000000000000007778119
US2019819|Starbucks|US1384092|Samantha|Samantha|Grace|Parsons|barista|50000362|10899|MIDDLETOWN|DE|197090000|US||EN|2014-06-16||1|||000000000000007778120
US2019822|Starbucks|US1983455|Joshua|Joshua||Rohm|shift supervisor|50000358|22598|GREENSBURG|PA|156010000|US||EN|2014-06-17||1|||000000000000007778123
US2019993|Starbucks|US1713421|Steffany|Steffany|Bridget|Connolly|barista|50000362|07992|QUINCY|MA|021690000|US||EN|2014-06-17||1|||000000000000007962924
US2019994|Starbucks|US1175404|Kyle|Kyle|Nicholas|Miller|barista|50000362|07476|CENTREVILLE|VA|201200000|US||EN|2014-06-16||1|||000000000000007962925
US2019997|Starbucks|US1234012|Jessica|Jessica|Rheanon|Simo|barista|50000362|09974|YUCAIPA|CA|923990000|US||EN|2014-06-16||1|||000000000000007962927
US2019998|Starbucks|US1655627|Sydney|Sydney|Jean|Maves|barista|50000362|16026|MEQUON|WI|530923411|US||EN|2014-06-23||1|||000000000000007962928
US2019999|Starbucks|US1100541|Laura|Laura||Gonzalez|barista|50000362|09576|FORT WORTH|TX|761350000|US||EN|2014-06-16||1|||000000000000007962929
US2020000|Starbucks|US1264969|Kristian|Kristian|Graham|Hayden|barista|50000362|22998|SANTA ANA|CA|927056607|US||EN|2014-06-16||1|||000000000000007962930
US2020003|Starbucks|US1084551|Anna|Anna|Katharine|Skutnik|barista|50000362|08816|FRISCO|TX|750340000|US||EN|2014-06-16||1|||000000000000007962932
US2020039|Starbucks|US1631026|Paul|Paul||Philo|barista|50000362|08591|CANTON|GA|301140000|US||EN|2014-06-16||1|||000000000000007962933
US2020040|Starbucks|US1047331|Michael|Michael||Shope|barista|50000362|06555|APPLE VALLEY|CA|923072991|US||EN|2014-06-16||1|||000000000000007962934
US2020041|Starbucks|US1933272|Lea|Lea|Sofia|Louvet|barista|50000362|05733|SANTA FE|NM|875010000|US||EN|2014-06-16||1|||000000000000007962935
US2020042|Starbucks|US1037993|Janice|Janice|Jinneth|Gordillo|barista|50000362|05251|SAN LUIS OBISPO|CA|934050000|US||EN|2014-06-17||1|||000000000000007962936
US2020044|Starbucks|US1780813|Logan|Logan|Chase|Bratton|barista|50000362|09567|OLIVE BRANCH|MS|386540000|US||EN|2014-06-16||1|||000000000000007962938
US2020045|Starbucks|US1897558|Natalie|Natalie|Jayne|Dukes|barista|50000362|06320|HOUSTON|TX|770190000|US||EN|2014-06-16||1|||000000000000007962939
US2020046|Starbucks|US1118356|Greta|Greta||Rausch|barista|50000362|11283|MARION|OH|433020000|US||EN|2014-06-16||1|||000000000000007962940
US2020047|Starbucks|US1811916|Andrea|Andrea||Ramos|barista|50000362|06475|TUSTIN|CA|927800000|US||EN|2014-06-16||1|||000000000000007962941
US2020048|Starbucks|US1984503|Emily|Emily||Sosa|barista|50000362|09328|LOS ANGELES|CA|900632403|US||EN|2014-06-16||1|||000000000000007962942
US2020051|Starbucks|US1989556|Joseph|Joseph||Dabney|barista|50000362|07665|DEPEW|NY|140430000|US||EN|2014-06-16||1|||000000000000007962944
US2020052|Starbucks|US1786564|Nicole|Nicole|Michelle|Barman|barista|50000362|02512|MILWAUKEE|WI|532020000|US||EN|2014-06-30||1|||000000000000007962945
US2020054|Starbucks|US1160706|Christina|Christina||Stameson|barista|50000362|02895|OAK LAWN|IL|604530000|US||EN|2014-06-16||1|||000000000000007962947
US2020055|Starbucks|US1077348|David|David|Harold lance|Burton Jr|barista|50000362|17100|MOUNT LAUREL|NJ|080540000|US||EN|2014-06-16||1|||000000000000007962948
US2020057|Starbucks|US353269|Michelle|Michelle|Erin|Lozano|barista|50000362|10226|WEST COVINA|CA|917920000|US||EN|2014-06-16||1|||000000000000007962949
US2020058|Starbucks|US1227018|Coralee|Coralee|Michelle|Williams|barista|50000362|10622|WARRENTON|VA|201880000|US||EN|2014-06-16||1|||000000000000007962950
US2020060|Starbucks|US1147528|Latriece|Latriece||Green|barista|50000362|19890|NEW YORK|NY|101070000|US||EN|2014-06-16||1|||000000000000007962951
US2020061|Starbucks|US1841883|Adam|Adam|Gabriel|Garcia|barista|50000362|14530|FERNLEY|NV|894080000|US||EN|2014-06-16||1|||000000000000007962952
US2020062|Starbucks|US1663698|Avery|Avery|John|Clarke|barista|50000362|22634|VALLEY STREAM|NY|115810000|US||EN|2014-06-17||1|||000000000000007962953
US2020063|Starbucks|US1080849|Michael|Michael|Francisco|Cooper|barista|50000362|08392|PINECREST|FL|331560000|US||EN|2014-06-16||1|||000000000000007962954
US2020064|Starbucks|US1292838|Kevin|Kevin|Bach|Dang|barista|50000362|06244|DALLAS|TX|752540000|US||EN|2014-06-16||1|||000000000000007962955
US2020065|Starbucks|US1163143|Harry|Harry|Nelson|Monck|barista|50000362|08930|FORT WORTH|TX|761311336|US||EN|2014-06-16||1|||000000000000007962956
US2020066|Starbucks|US1678755|Saxtyn|Saxtyn||Campbell|barista|50000362|10703|CENTERVILLE|UT|840141702|US||EN|2014-06-16||1|||000000000000007962957
US2020067|Starbucks|US1080849|Lorenia|Lorenia|Isabel|Morales|barista|50000362|08392|PINECREST|FL|331560000|US||EN|2014-06-16||1|||000000000000007962958
US2020068|Starbucks|US1840173|Artemio|Artemio|Elijah|Bautista III|barista|50000362|05962|MILPITAS|CA|950350000|US||EN|2014-06-16||1|||000000000000007962959
US2020069|Starbucks|US1755280|Sareena|Sareena||Jacob|barista|50000362|00260|BUFFALO GROVE|IL|600890000|US||EN|2014-06-16||1|||000000000000007962960
US2020070|Starbucks|US1694252|Lindsay|Lindsay|Margaret|Kent|barista|50000362|00494|WEST LINN|OR|970680000|US||EN|2014-06-16||1|||000000000000007962961
US2020072|Starbucks|US1970710|Edwin|Edwin|Miguel|Martinez|barista|50000362|09683|PANORAMA|CA|914026084|US||EN|2014-06-18||1|||000000000000007962962
US2020074|Starbucks|US1282690|Nicole|Nicole|Danielle|Hagen|barista|50000362|14410|WAUWATOSA|WI|532220000|US||EN|2014-06-16||1|||000000000000007962963
US2020077|Starbucks|US1960523|Justin|Justin|Eric thomas|Starr|barista|50000362|03435|BILLINGS|MT|591020000|US||EN|2014-06-23||1|||000000000000007962964
US2020079|Starbucks|US1711983|Elizabeth|Elizabeth||Alvarez|barista|50000362|00620|SAN LUIS OBISPO|CA|934060000|US||EN|2014-06-23||1|||000000000000007962966
US2020080|Starbucks|US1622013|Brooke|Brooke|Jasmin sung|Hill|barista|50000362|00632|SANTA ROSA|CA|954040000|US||EN|2014-06-16||1|||000000000000007962967
US2020081|Starbucks|US1186253|Laura|Laura||Olson|shift supervisor|50000358|14685|RACINE|WI|534060000|US||EN|2014-06-18||1|||000000000000007778279
US2020082|Starbucks|US1614515|Andre|Andre||Gobbo|barista|50000362|07481|BROOKLINE|MA|024450000|US||EN|2014-06-15||1|||000000000000007778280
US2020083|Starbucks|US1416082|Casey|Casey||Puett|barista|50000362|14137|MILLEDGEVILLE|GA|310610000|US||EN|2014-06-16||1|||000000000000007778281
US2020084|Starbucks|US1230186|Lindsey|Lindsey|Brooke|Patrick|barista|50000362|11796|CRESTWOOD|KY|400140000|US||EN|2014-06-16||1|||000000000000007778282
US2020087|Starbucks|US1551032|Mayra|Mayra|Veronica|Williams|shift supervisor|50000358|00605|SAN RAFAEL|CA|949030000|US||EN|2014-06-16||1|||000000000000007778283
US2020088|Starbucks|US1330061|Marissa|Marissa||Hires|barista|50000362|10851|CARLSBAD|CA|920106602|US||EN|2014-06-16||1|||000000000000007778284
US2020089|Starbucks|US1724682|Hannah|Hannah|Lynn|Rossiter|barista|50000362|05804|LITTLETON|CO|801270000|US||EN|2014-06-16||1|||000000000000007778285
US2020090|Starbucks|US1549549|Kevin|Kevin||Williams|barista|50000362|08360|MEMPHIS|TN|381170000|US||EN|2014-06-16||1|||000000000000007778286
US2020091|Starbucks|US268061|Hannah|Hannah|C|Ohman|barista|50000362|00240|BOULDER|CO|803020000|US||EN|2014-06-16||0|||000000000000007778287
US2020093|Starbucks|US1642600|Steve|Steve|Orlando|Velasco|barista|50000362|07631|HERNDON|VA|201710000|US||EN|2014-06-16||1|||000000000000007778288
US2020096|Starbucks|US1552882|Chung shun|Chung shun||Cheng|barista|50000362|07217|FOREST HILLS|NY|113750000|US||EN|2014-06-16||1|||000000000000007778289
US2020098|Starbucks|US1966511|Stanton|Stanton|Mayer|Kent|barista|50000362|10654|THE WOODLANDS|TX|773820000|US||EN|2014-06-19||1|||000000000000007778290
US2020101|Starbucks|US1686969|Kendra|Kendra||Petitt|barista|50000362|09216|SAN FRANCISCO|CA|941110000|US||EN|2014-06-16||1|||000000000000007778292
US2020103|Starbucks|US1220112|Shelby|Shelby|Ann|Myerly|barista|50000362|02887|SIMI VALLEY|CA|930652868|US||EN|2014-06-16||1|||000000000000007778293
US2020104|Starbucks|US1828318|Alexandra|Alexandra|Telarico|Ward|barista|50000362|14272|RICHMOND|VA|232330000|US||EN|2014-06-19||1|||000000000000007778294
US2020105|Starbucks|US1427419|Sarah|Sarah|Marie|Burns|barista|50000362|10598|BEDFORD|MA|017300000|US||EN|2014-06-16||1|||000000000000007778295
US2020106|Starbucks|US1717356|Brandi|Brandi||Gerthoffer|barista|50000362|00776|PITTSBURGH|PA|152370000|US||EN|2014-06-16||0|||000000000000007778296
US2020251|Starbucks|US1315353|Chelsea|Chelsea|Delia|Hairanian|barista|50000362|10810|LOS ALAMITOS|CA|907200000|US||EN|2014-06-30||1|||000000000000007963100
US2020252|Starbucks|US1126211|Alannah|Alannah|Koria|Vega|barista|50000362|19311|ANAHEIM|CA|928020000|US||EN|2014-06-16||1|||000000000000007963101
US2020254|Starbucks|US1747704|Caleb|Caleb|Joshua|Peacock|barista|50000362|08508|ALPHARETTA|GA|300040000|US||EN|2014-06-20||1|||000000000000007963102
US2020255|Starbucks|US1747704|Lamngeune|Lamngeune||Leininger|barista|50000362|08508|ALPHARETTA|GA|300040000|US||EN|2014-06-16||1|||000000000000007963103
US2020256|Starbucks|US1724682|Dallas|Dallas|Claire|Dear|barista|50000362|05804|LITTLETON|CO|801270000|US||EN|2014-06-16||1|||000000000000007963104
US2020259|Starbucks|US1635404|Ryan juno|Ryan juno|Juno|Bautista|barista|50000362|14251|SAN JOSE|CA|951120000|US||EN|2014-06-30||1|||000000000000007963105
US2020260|Starbucks|US1635404|Vanessa|Vanessa|Andrea|Salas|barista|50000362|14251|SAN JOSE|CA|951120000|US||EN|2014-07-01||1|||000000000000007963106
US2020261|Starbucks|US1836607|Mariah|Mariah|Gayelle|Snyder|barista|50000362|13908|IRVING|TX|750620000|US||EN|2014-06-23||1|||000000000000007963107
US2020263|Starbucks|US1148666|Kobe|Kobe|Faraon|Bautista|barista|50000362|19853|KENSINGTON|MD|208950000|US||EN|2014-06-16||1|||000000000000007963109
US2020265|Starbucks|US1132741|Chloe|Chloe||Ponce lopez|barista|50000362|06580|LYNWOOD|CA|902620000|US||EN|2014-06-16||1|||000000000000007963110
US2020266|Starbucks|US1693706|Patricia|Patricia|Ann|Aguigui|barista|50000362|10145|TEMECULA|CA|925910000|US||EN|2014-07-14||1|||000000000000007963111
US2020269|Starbucks|US1664062|Betsy|Betsy||Lupian|barista|50000362|11810|ALBANY|NY|122050000|US||EN|2014-06-23||1|||000000000000007963113
US2020270|Starbucks|US1738507|Joie lynn|Joie lynn|Fay|Howard|barista|50000362|03474|ROCKLIN|CA|956770000|US||EN|2014-06-16||1|||000000000000007963114
US2020271|Starbucks|US1570546|Paula|Paula||Arguelles|barista|50000362|00634|DANVILLE|CA|945060000|US||EN|2014-06-23||1|||000000000000007963115
US2020272|Starbucks|US1294960|Chante|Chante||Simmons|barista|50000362|08486|HIGH POINT|NC|272650000|US||EN|2014-06-16||1|||000000000000007963116
US2020273|Starbucks|US1004936|Ashley|Ashley||Karn|barista|50000362|13327|ST HELENS|OR|970513023|US||EN|2014-06-24||1|||000000000000007963117
US2020274|Starbucks|US1176199|Rachael|Rachael||Rueda de leon|barista|50000362|05917|SANTA MARIA|CA|934540000|US||EN|2014-06-21||1|||000000000000007963118
US2020277|Starbucks|US1307431|Miranda|Miranda||Sparrow|barista|50000362|10130|ATASCADERO|CA|934221424|US||EN|2014-06-17||1|||000000000000007963120
US2020278|Starbucks|US1994351|Jordan|Jordan|Elizabeth|Willner|barista|50000362|14152|GLENDALE|CA|912021620|US||EN|2014-06-23||1|||000000000000007963121
US2020279|Starbucks|US1745555|Sergei|Sergei|Nicholas|Rehon|barista|50000362|05323|LOS GATOS|CA|950320000|US||EN|2014-06-16||1|||000000000000007963122
US2020281|Starbucks|US1840173|Eric|Eric|Ton|Nguyen|barista|50000362|05962|MILPITAS|CA|950350000|US||EN|2014-06-16||1|||000000000000007963123
US2020283|Starbucks|US1568108|Cody|Cody|Michael|Nydam|barista|50000362|02649|LAKE IN THE HILLS|IL|601560000|US||EN|2014-06-16||1|||000000000000007963125
US2020284|Starbucks|US1828322|Kirby|Kirby|Ruth|Coutinho|barista|50000362|18576|SEATTLE|WA|981050000|US||EN|2014-06-16||1|||000000000000007963126
US2020285|Starbucks|US1558725|Lucillia|Lucillia|Matia|Nkinsi|barista|50000362|00375|ISSAQUAH|WA|980270000|US||EN|2014-06-16||1|||000000000000007963127
US2020286|Starbucks|US1980639|Kaleigh|Kaleigh|Brooke|Tucker|barista|50000362|03274|SAMMAMISH|WA|980740000|US||EN|2014-06-16||1|||000000000000007963128
US2020287|Starbucks|US1372872|Keoniana|Keoniana|Kahakulani|Flavin sylva|barista|50000362|21030|KAMUELA|HI|967430000|US||EN|2014-06-16||1|||000000000000007963129
US2020288|Starbucks|US1828322|Bradley|Bradley|Paul|Dickson|barista|50000362|18576|SEATTLE|WA|981050000|US||EN|2014-06-16||1|||000000000000007963130
US2020289|Starbucks|US1237273|Jazmin|Jazmin|Vianey|Briseno|barista|50000362|06897|CITY OF COMMERCE|CA|900401580|US||EN|2014-06-17||1|||000000000000007963131
US2020290|Starbucks|US1281985|Matthew|Matthew|Paul|Dreher|barista|50000362|06681|LAS VEGAS|NV|891210000|US||EN|2014-06-16||1|||000000000000007963132
US2020291|Starbucks|US262699|William|William|Joseph|Lisy|barista|50000362|06578|SAN LUIS OBISPO|CA|934055402|US||EN|2014-07-01||1|||000000000000007963133
US2020292|Starbucks|US1300353|John|John|Edward|Perkins II|barista|50000362|06584|VALENCIA|CA|913550000|US||EN|2014-06-16||1|||000000000000007963134
US2020294|Starbucks|US1558725|Jessica|Jessica|Nicole|Nelson|barista|50000362|00375|ISSAQUAH|WA|980270000|US||EN|2014-06-16||1|||000000000000007963136
US2020296|Starbucks|US1574447|Samantha|Samantha||Hooten|barista|50000362|08794|ALBUQUERQUE|NM|871090000|US||EN|2014-06-25||1|||000000000000007963137
US2020298|Starbucks|US1345630|Mackenzie|Mackenzie||Vaughn|barista|50000362|14486|TEMECULA|CA|925900000|US||EN|2014-07-01||1|||000000000000007963139
US2020299|Starbucks|US1132741|Sydney|Sydney||Naggles|barista|50000362|06580|LYNWOOD|CA|902620000|US||EN|2014-06-16||1|||000000000000007963140
US2020300|Starbucks|US1152261|Stephanie|Stephanie||Gonzalez|barista|50000362|06839|SAN DIEGO|CA|919020000|US||EN|2014-06-17||1|||000000000000007963141
US2020301|Starbucks|US1158948|Cassie anne|Cassie anne|Grace|O neal|barista|50000362|09367|RENO|NV|895110000|US||EN|2014-06-16||1|||000000000000007963142
US2020302|Starbucks|US1747015|Kelsea|Kelsea|Lee|Alderdyce|barista|50000362|06568|LAS VEGAS|NV|891490000|US||EN|2014-06-16||1|||000000000000007963143
US2020303|Starbucks|US1691996|Anna|Anna||Kremer|barista|50000362|11768|CLEMSON|SC|296310000|US||EN|2014-06-17||1|||000000000000007778455
US2020304|Starbucks|US1928540|Natalie|Natalie|Michelle|Fuentes|barista|50000362|06821|AURORA|CO|800120000|US||EN|2014-06-17||1|||000000000000007778456
US2020305|Starbucks|US1404215|Ivyon|Ivyon|Deanek|Taylor|shift supervisor|50000358|00330|DES MOINES|WA|981980000|US||EN|2014-06-16||1|||000000000000007778457
US2020306|Starbucks|US1537673|Kathryn|Kathryn|Eloise|Sanbeg|barista|50000362|03255|BELLEVUE|WA|980060000|US||EN|2014-06-16||1|||000000000000007778458
US2020307|Starbucks|US1043915|Nadine|Nadine|Marie|Garrison|barista|50000362|00637|SAN DIEGO|CA|921110000|US||EN|2014-06-16||1|||000000000000007778459
US2020309|Starbucks|US1067835|Darrell|Darrell|James|Dietsch|barista|50000362|10262|LONE TREE|CO|801240000|US||EN|2014-06-23||1|||000000000000007778460
US2020310|Starbucks|US1376008|Kayleigh|Kayleigh||Burke|barista|50000362|22279|MILPITAS|CA|950350000|US||EN|2014-06-23||1|||000000000000007778461
US2020311|Starbucks|US1639871|Jocelyn|Jocelyn|Elysia|Mcdaniel|barista|50000362|09416|YUMA|AZ|853650000|US||EN|2014-07-09||1|||000000000000007778462
US2020312|Starbucks|US1253915|Daven anthony|Daven anthony|Patricio|Lagman|barista|50000362|05989|SAN JOSE|CA|951340000|US||EN|2014-06-30||1|||000000000000007778463
US2020313|Starbucks|US1307431|Marianna|Marianna|Louise|Lavigne|barista|50000362|10130|ATASCADERO|CA|934221424|US||EN|2014-06-20||1|||000000000000007778464
US2020315|Starbucks|US1584334|Katlynn|Katlynn|Elaine marie|Taylor|barista|50000362|19836|MINOT|ND|587010000|US||EN|2014-06-17||1|||000000000000007778466
US2020316|Starbucks|US1203113|Bernardo|Bernardo|Roberto|Horne|barista|50000362|00654|SANTA MONICA|CA|904010000|US||EN|2014-06-16||1|||000000000000007778467
US2020318|Starbucks|US1067835|Julienne|Julienne|A|Harris mcmaster|barista|50000362|10262|LONE TREE|CO|801240000|US||EN|2014-06-23||1|||000000000000007778468
US2020319|Starbucks|US1374240|Kaitlan|Kaitlan|M|Morris|barista|50000362|02936|ST. GEORGE|UT|847900000|US||EN|2014-06-16||1|||000000000000007778469
US2020320|Starbucks|US1738507|Lauren|Lauren||Crutchfield|barista|50000362|03474|ROCKLIN|CA|956770000|US||EN|2014-06-16||1|||000000000000007778470
US2020322|Starbucks|US1847725|Samantha|Samantha|Leeann|Whiteman|barista|50000362|11089|ATWATER|CA|953010000|US||EN|2014-06-16||1|||000000000000007778471
US2020324|Starbucks|US1922196|Gaston|Gaston||Galvez|barista|50000362|06562|SAN YSIDRO|CA|921733046|US||EN|2014-06-16||1|||000000000000007778472
US2020325|Starbucks|US1784380|Haylee|Haylee|Ollie katherine|Thorburn|barista|50000362|00424|WEST LINN|OR|970680000|US||EN|2014-06-16||1|||000000000000007778473
US2020328|Starbucks|US1345330|Cameron|Cameron|Lee|Blakely Jr|barista|50000362|00237|DENVER|CO|802060000|US||EN|2014-06-20||1|||000000000000007778474
US2020511|Starbucks|US1375491|Katrina|Katrina|Michelle|Sanders|barista|50000362|00553|SAN DIEGO|CA|921300000|US||EN|2014-06-17||1|||000000000000007963283
US2020512|Starbucks|US1576649|Genine|Genine||Townsend|barista|50000362|13816|CEDAR PARK|TX|786130000|US||EN|2014-06-23||1|||000000000000007963284
US2020514|Starbucks|US1835666|Morgan|Morgan|Nicole|Turner|barista|50000362|18013|CHICAGO|IL|606060000|US||EN|2014-06-17||1|||000000000000007963285
US2020515|Starbucks|US1686686|Cody|Cody|Elizabeth|Duncan|barista|50000362|08375|ORLANDO|FL|328060000|US||EN|2014-06-16||1|||000000000000007963286
US2020516|Starbucks|US1761987|Devon|Devon|Eileen|Gillin|barista|50000362|08746|THOUSAND OAKS|CA|913600000|US||EN|2014-06-23||1|||000000000000007963287
US2020517|Starbucks|US1535890|Deborah|Deborah|Elizabeth|Broome|barista|50000362|08292|HILTON HEAD|SC|299260000|US||EN|2014-06-17||1|||000000000000007963288
US2020518|Starbucks|US1618135|Shakeil|Shakeil|Lashone|Becker|barista|50000362|10095|TUCSON|AZ|857195932|US||EN|2014-06-17||1|||000000000000007963289
US2020519|Starbucks|US1253062|Jessica|Jessica|Lynn|Lamken|barista|50000362|03282|KENMORE|WA|980110000|US||EN|2014-06-17||1|||000000000000007963290
US2020521|Starbucks|US1494550|Elma|Elma|Cristina|Novoa|barista|50000362|10586|LOS ANGELES|CA|900172416|US||EN|2014-06-17||1|||000000000000007963291
US2020522|Starbucks|US1754000|Bailey|Bailey|Ann|Lunday|barista|50000362|09306|GRAND FORKS|ND|582010000|US||EN|2014-06-17||1|||000000000000007963292
US2020523|Starbucks|US347740|Zackary|Zackary|Hatem|Allam|barista|50000362|02965|LAKELAND|FL|338030000|US||EN|2014-07-01||1|||000000000000007963293
US2020524|Starbucks|US220768|Adalya|Adalya||Browne|barista|50000362|09312|GRAPEVINE|TX|760510000|US||EN|2014-06-17||1|||000000000000007963294
US2020526|Starbucks|US1595456|Elizabeth|Elizabeth|Ana|Villacres|barista|50000362|09308|LEVITTOWN|NY|117560000|US||EN|2014-06-23||1|||000000000000007963295
US2020527|Starbucks|US1174726|Jenika|Jenika||Enoch|barista|50000362|06833|AURORA|CO|800130000|US||EN|2014-06-17||1|||000000000000007963296
US2020529|Starbucks|US1754000|Jamie|Jamie|Ann|Mercil|barista|50000362|09306|GRAND FORKS|ND|582010000|US||EN|2014-06-17||1|||000000000000007963297
US2020531|Starbucks|US1243562|Courtney|Courtney||Herring|barista|50000362|09763|BURLINGTON|NC|272150000|US||EN|2014-06-17||1|||000000000000007963298
US2020532|Starbucks|US1806899|Eric|Eric|Joel|Fernandez|barista|50000362|07386|NEW YORK|NY|100250000|US||EN|2014-06-17||1|||000000000000007963299
US2020534|Starbucks|US1766106|Eduardo|Eduardo||Millan|barista|50000362|02471|HIGHLAND PARK|IL|600350000|US||EN|2014-06-17||1|||000000000000007963301
US2020536|Starbucks|US1256729|Francisco|Francisco||Salazar|shift supervisor|50000358|06886|CLOVIS|CA|936110000|US||EN|2014-06-18||1|||000000000000007963302
US2020539|Starbucks|US1741844|Richard|Richard|Jon|Metcalf|barista|50000362|08690|CARMEL|IN|460327939|US||EN|2014-06-17||1|||000000000000007963303
US2020540|Starbucks|US1386972|Angel|Angel|Alexis|Quintanilla|barista|50000362|05871|WEST HOLLYWOOD|CA|900480000|US||EN|2014-06-17||1|||000000000000007963304
US2020542|Starbucks|US1933571|Jerry|Jerry|D|Swinner II|barista|50000362|02697|ST PETERS|MO|633760000|US||EN|2014-06-16||1|||000000000000007963306
US2020543|Starbucks|US1082799|Courtney|Courtney|Lynn|Jones|barista|50000362|06363|ROUND ROCK|TX|786640000|US||EN|2014-06-23||1|||000000000000007963307
US2020544|Starbucks|US1737827|Kristen|Kristen|Caron|Leslie|barista|50000362|07227|NEEDHAM|MA|024940000|US||EN|2014-06-17||1|||000000000000007963308
US2020545|Starbucks|US1976167|Abbigail|Abbigail|Louisa|Hill|barista|50000362|02562|LOUISVILLE|KY|402410000|US||EN|2014-06-21||1|||000000000000007963309
US2020547|Starbucks|US1082799|Christian|Christian|Charles|Fain|barista|50000362|06363|ROUND ROCK|TX|786640000|US||EN|2014-06-23||1|||000000000000007963310
US2020548|Starbucks|US1976167|Lauren|Lauren|Ashley|Ganote|barista|50000362|02562|LOUISVILLE|KY|402410000|US||EN|2014-06-21||1|||000000000000007963311
US2020549|Starbucks|US1082799|Lauren|Lauren|Annelise|Mortimer|barista|50000362|06363|ROUND ROCK|TX|786640000|US||EN|2014-06-23||1|||000000000000007963312
US2020550|Starbucks|US1840372|Maria|Maria|Virginia|Guarddon pueyo|barista|50000362|10400|EDMOND|OK|730130000|US||EN|2014-06-17||1|||000000000000007963313
US2020551|Starbucks|US1428267|Isha|Isha||Chambers|barista|50000362|08275|AVENTURA|FL|331800000|US||EN|2014-06-20||1|||000000000000007963314
US2020554|Starbucks|US1507392|Celine|Celine|Ann Susie|Garcia|barista|50000362|02839|SALINAS|CA|939060000|US||EN|2014-06-17||1|||000000000000007963317
US2020555|Starbucks|US1044209|Wesley|Wesley|Jerome|Hogarth|barista|50000362|13559|SAN DIEGO|CA|921060000|US||EN|2014-06-23||1|||000000000000007963318
US2020557|Starbucks|US1090871|Dustin|Dustin|James|Hannifan|barista|50000362|03374|MILWAUKIE|OR|972220000|US||EN|2014-06-24||1|||000000000000007963319
US2020558|Starbucks|US1379936|Zimbo|Zimbo|Chris|Gessert Jr|barista|50000362|13243|BELVIDERE|IL|610080000|US||EN|2014-06-17||1|||000000000000007963320
US2020560|Starbucks|US1063217|Richard|Richard|Scott|Farrell|barista|50000362|08721|CHANTILLY|VA|201210000|US||EN|2014-06-17||1|||000000000000007963322
US2020562|Starbucks|US1696806|Erin|Erin|Elizabeth|Sneed|barista|50000362|00227|CHICAGO|IL|606570000|US||EN|2014-06-30||1|||000000000000007963323
US2020563|Starbucks|US1680679|Corina|Corina||Camarillo|barista|50000362|05324|SAN JOSE|CA|951131705|US||EN|2014-06-17||1|||000000000000007963324
US2020564|Starbucks|US275165|Fatema|Fatema||Etemadi|barista|50000362|05952|NEWARK|CA|945600000|US||EN|2014-06-17||1|||000000000000007963325
US2020565|Starbucks|US1333000|Kassondra|Kassondra|Leigh|Dean|barista|50000362|10480|SHEBOYGEN|WI|530810000|US||EN|2014-06-17||1|||000000000000007963326
US2020566|Starbucks|US1253005|Hannah|Hannah|Marie|Gonzalez|barista|50000362|08484|ST. AUGUSTINE|FL|320800000|US||EN|2014-06-17||1|||000000000000007778638
US2020568|Starbucks|US1482327|Achia|Achia|Lerae|Mcgregor|shift supervisor|50000358|00332|EVERETT|WA|982010000|US||EN|2014-06-17||1|||000000000000007778639
US2020573|Starbucks|US1770863|Katherine|Katherine|Colet|Ebert|barista|50000362|03299|MT. VERNON|WA|982730000|US||EN|2014-06-17||1|||000000000000007778640
US2020574|Starbucks|US360421|Fiona|Fiona|Elizabeth|Lynch|barista|50000362|13926|DENVILLE|NJ|078340000|US||EN|2014-06-17||1|||000000000000007778641
US2020575|Starbucks|US1983011|Jestann|Jestann|Valoire|O hara|barista|50000362|02808|ELLENSBURG|WA|989260000|US||EN|2014-06-17||1|||000000000000007778642
US2020576|Starbucks|US1237273|Jonathan|Jonathan||Chagolla|barista|50000362|06897|CITY OF COMMERCE|CA|900401580|US||EN|2014-06-25||1|||000000000000007778643
US2020578|Starbucks|US1552028|Benjamin|Benjamin||Arleth|barista|50000362|03377|SPOKANE|WA|992080000|US||EN|2014-06-17||1|||000000000000007778644
US2020579|Starbucks|US1201945|Tiana|Tiana||Smith whyte|barista|50000362|07821|ROCKVILLE|MD|208500000|US||EN|2014-06-17||1|||000000000000007778645
US2020580|Starbucks|US1717467|Kayla|Kayla||Rippeon|barista|50000362|06330|AUSTIN|TX|787570000|US||EN|2014-06-17||1|||000000000000007778646
US2020581|Starbucks|US1976167|Matthew|Matthew|Robert|Sasser|barista|50000362|02562|LOUISVILLE|KY|402410000|US||EN|2014-06-21||1|||000000000000007778647
US2020584|Starbucks|US1976167|Nazaneen|Nazaneen|Nicole|Ehsani|barista|50000362|02562|LOUISVILLE|KY|402410000|US||EN|2014-06-20||1|||000000000000007778648
US2020586|Starbucks|US1754392|Kristina|Kristina|Ann|Sieler|shift supervisor|50000358|22164|HOBBS|NM|882400000|US||EN|2014-06-17||1|||000000000000007778649
US2020587|Starbucks|US1576118|Christopher|Christopher|Marvin|Villalobos|barista|50000362|06838|PASADENA|CA|911062112|US||EN|2014-06-17||1|||000000000000007778650
US2020590|Starbucks|US1108025|Sebastian|Sebastian|Jacob|Rivera|barista|50000362|13286|LOS ANGELES|CA|900413328|US||EN|2014-06-17||1|||000000000000007778651
US2020592|Starbucks|US1159988|Nicholas|Nicholas||Masters|barista|50000362|13836|SUNBURY|OH|430749210|US||EN|2014-06-17||1|||000000000000007778652
US2020594|Starbucks|US1661750|Sara|Sara||Bachmeier|barista|50000362|02719|BISMARCK|ND|585040000|US||EN|2014-06-17||1|||000000000000007778653
US2020596|Starbucks|US1436901|Kent|Kent|Ashten|Burton|barista|50000362|08328|FT. LAUDERDALE|FL|333040000|US||EN|2014-06-23||1|||000000000000007778654
US2020597|Starbucks|US1552028|Jennifer|Jennifer|Lyn|Haveman|barista|50000362|03377|SPOKANE|WA|992080000|US||EN|2014-06-17||1|||000000000000007778655
US2020601|Starbucks|US1320842|Aleksia|Aleksia|Nicole|Elmborg|barista|50000362|11146|YUKON|OK|730990000|US||EN|2014-06-17||1|||000000000000007778656
US2020616|Starbucks|US1454839|Anne|Anne|Avonlee|Tinsley|barista|50000362|09560|FRANKLIN|IN|461310000|US||EN|2014-06-23||1|||000000000000007778658
US2020617|Starbucks|US1281505|Tara|Tara||Thompson|barista|50000362|08931|SAN ANTONIO|TX|782380000|US||EN|2014-06-17||1|||000000000000007778659
US2020783|Starbucks|US1363477|Anthony|Anthony|Francis|Bigos|barista|50000362|07907|KITTERY|ME|039040000|US||EN|2014-06-24||1|||000000000000007963477
US2020784|Starbucks|US1619083|Destiny|Destiny|Marisa|Holt|barista|50000362|14806|BRIGHTON|MI|481160000|US||EN|2014-06-18||1|||000000000000007963478
US2020786|Starbucks|US1152465|Simone|Simone|Akissi|Ndri|barista|50000362|07619|SILVER SPRING|MD|209010000|US||EN|2014-06-30||1|||000000000000007963479
US2020787|Starbucks|US1114553|Kimberly|Kimberly|Christina|Hogue|barista|50000362|17478|NEW YORK|NY|100220000|US||EN|2014-06-18||1|||000000000000007963480
US2020790|Starbucks|US1794666|Lindsey|Lindsey|Maria|Ferguson|barista|50000362|13645|ST AUGUSTINE|FL|320920000|US||EN|2014-06-18||1|||000000000000007963482
US2020791|Starbucks|US1309025|Fiza|Fiza||Batool|barista|50000362|19901|NIAGARA FALLS|NY|143040000|US||EN|2014-06-18||1|||000000000000007963483
US2020793|Starbucks|US1652752|Madeline|Madeline||Major|barista|50000362|00830|BOSTON|MA|021160000|US||EN|2014-06-18||1|||000000000000007963484
US2020794|Starbucks|US1732839|Christina|Christina||Hawley|barista|50000362|00707|CLIFTON|VA|201240000|US||EN|2014-06-18||1|||000000000000007963485
US2020795|Starbucks|US1202297|Ariel|Ariel|Joliza|Goeloe|barista|50000362|07767|EDISON|NJ|088200000|US||EN|2014-06-18||1|||000000000000007963486
US2020797|Starbucks|US1457179|Dannieka|Dannieka|Lashea|Wiggins|barista|50000362|08473|ATLANTA|GA|303290000|US||EN|2014-06-18||1|||000000000000007963487
US2020799|Starbucks|US1251475|Rebekkah|Rebekkah|Marie|West|barista|50000362|02799|SIOUX FALLS|SD|571040000|US||EN|2014-06-18||1|||000000000000007963489
US2020806|Starbucks|US1523600|Jasmine|Jasmine|Oliver|Ferrell|barista|50000362|07643|COLUMBIA|MD|210440000|US||EN|2014-07-02||1|||000000000000007963493
US2020807|Starbucks|US1000685|Micaela|Micaela||Saling|barista|50000362|14320|MEDFORD|OR|975040000|US||EN|2014-06-18||1|||000000000000007963494
US2020809|Starbucks|US1738551|Tanner|Tanner||Kress|barista|50000362|11456|IRVINE|CA|926200000|US||EN|2014-06-18||1|||000000000000007963496
US2020811|Starbucks|US1056053|Annika|Annika|Kristine|Engblom|barista|50000362|03339|EDMONDS|WA|980260000|US||EN|2014-06-18||1|||000000000000007778809
US2020812|Starbucks|US1192305|Jackeline|Jackeline||Rodriguez|barista|50000362|07537|VIENNA|VA|221800000|US||EN|2014-06-18||1|||000000000000007778810
US2020813|Starbucks|US1037993|Hannah|Hannah|Virginia|Aycock|barista|50000362|05251|SAN LUIS OBISPO|CA|934050000|US||EN|2014-06-18||1|||000000000000007778811
US2020815|Starbucks|US1077633|Jeffrey|Jeffrey|Arthur|Kruithof|barista|50000362|07700|GLEN ROCK|NJ|074520000|US||EN|2014-06-18||1|||000000000000007778812
US2020816|Starbucks|US1319202|Caitlin|Caitlin|Maclaine|Cusano|shift supervisor|50000358|06731|SAN LUIS OBISPO|CA|934010000|US||EN|2014-06-18||1|||000000000000007778813
US2020817|Starbucks|US1349452|Faith|Faith|Angelia|Flamme|barista|50000362|07990|GREENWOOD|IN|461430000|US||EN|2014-06-16||1|||000000000000007778814
US2020820|Starbucks|US1655475|Brandon|Brandon|Tyler|Wilcox|barista|50000362|09686|PITTSBURG|CA|945654942|US||EN|2014-06-18||1|||000000000000007778815
US2020821|Starbucks|US1804387|Alec|Alec|David|German|barista|50000362|22000|BREA|CA|928210000|US||EN|2014-06-24||1|||000000000000007778816
US2020823|Starbucks|US1181067|Rachel|Rachel|Heather|Karmel|barista|50000362|07247|UNIONDALE|NY|115530000|US||EN|2014-06-18||1|||000000000000007778817
US2020824|Starbucks|US1644938|Alexis|Alexis|Michele|Myers|barista|50000362|09901|AMERICAN CANYON|CA|945030000|US||EN|2014-06-23||1|||000000000000007778818
US2020826|Starbucks|US1873249|Annie|Annie||Puskarich|shift supervisor|50000358|05213|WEST LOS ANGELES|CA|900250000|US||EN|2014-06-18||1|||000000000000007778820
US2020827|Starbucks|US1755728|Ayrel|Ayrel|Ardrea|Anderson|barista|50000362|00203|CHICAGO|IL|606060000|US||EN|2014-06-30||1|||000000000000007778821
US2020828|Starbucks|US1135839|Victoria|Victoria|Lyn|Byrnes|barista|50000362|07351|SARATOGA SPRINGS|NY|128664410|US||EN|2014-06-18||1|||000000000000007778822
US2020829|Starbucks|US1509416|Kendall|Kendall||Rabeneck|barista|50000362|10637|LOUISVILLE|KY|402073392|US||EN|2014-06-23||1|||000000000000007778823
US2020830|Starbucks|US1017100|Nicole|Nicole|Alexandra|Portela|barista|50000362|02925|PORTLAND|OR|972100000|US||EN|2014-06-19||1|||000000000000007778824
US2020831|Starbucks|US1407836|Cassidy|Cassidy|Rae|Mitchell|barista|50000362|10993|ONALAKSA|WI|546500000|US||EN|2014-06-18||1|||000000000000007778825
US2020833|Starbucks|US1772533|Alex|Alex|Jon|Tinklenberg|barista|50000362|02497|INDIANAPOLIS|IN|462020000|US||EN|2014-06-26||1|||000000000000007778826
US2020834|Starbucks|US1279409|Kathryn|Kathryn||Mcdaniel|barista|50000362|05435|PHOENIX|AZ|850160000|US||EN|2014-06-18||1|||000000000000007778827
US2020836|Starbucks|US1159877|Taylor|Taylor|Marie|Curran|barista|50000362|02782|BETHPAGE|NY|117140000|US||EN|2014-06-18||1|||000000000000007778829
US2020838|Starbucks|US1745900|Charles|Charles|le'roy|Porter Iii|plant  logistics specialist|50012725|0000741600||WA|||CPORTERI@STARBUCKS.COM|EN|2014-06-23||1|||000000000000007778830
US2020842|Starbucks|US1573180|Shaquan|Shaquan|D|Weston perry|barista|50000362|08742|CAMBRIDGE|MA|021420000|US||EN|2014-06-23||1|||000000000000007778833
US2020843|Starbucks|US1807261|Shamara|Shamara|Deanna|Smith|barista|50000362|08563|CHARLOTTE|NC|282110000|US||EN|2014-06-18||1|||000000000000007778834
US2020844|Starbucks|US2037615|April|April|Marie|Bishop|barista|50000362|16208|COPPERAS COVE|TX|765220000|US||EN|2014-06-22||1|||000000000000007778835
US2020845|Starbucks|US1416082|Charles|Charles|Lee|Friend Jr|barista|50000362|14137|MILLEDGEVILLE|GA|310610000|US||EN|2014-06-18||1|||000000000000007778836
US2020846|Starbucks|US1669321|Francis|Francis|Marie|Sanchez|barista|50000362|07781|NEW YORK|NY|100130000|US||EN|2014-06-18||1|||000000000000007778837
US2020849|Starbucks|US1190580|Kathryn|Kathryn|Lee|Ottaviano|shift supervisor|50000358|19348|LUMBERTON|NC|283580000|US||EN|2014-06-18||1|||000000000000007778838
US2020850|Starbucks|US1216966|John cole wyatt|John cole wyatt|Cole|Wyatt|barista|50000362|09587|BIRMINGHAM|AL|352430000|US||EN|2014-06-18||1|||000000000000007778839
US2020854|Starbucks|US1469133|Megan|Megan|Smyth|Linde powers|barista|50000362|09696|PINELLAS PARK|FL|337810000|US||EN|2014-06-23||1|||000000000000007778840
US2020855|Starbucks|US1740487|Matthew|Matthew|John|Gapultos|barista|50000362|10757|AUSTIN|TX|787040000|US||EN|2014-06-18||1|||000000000000007778841
US2021058|Starbucks|US1521113|Adrian|Adrian|Kihyun|Ahn|barista|50000362|07323|HERNDON|VA|201700000|US||EN|2014-06-22||1|||000000000000007778982
US2021059|Starbucks|US1417457|Collin|Collin||Dixon|barista|50000362|10155|NEWTON|MA|024580000|US||EN|2014-06-19||1|||000000000000007778983
US2021060|Starbucks|US1277764|Sabrina|Sabrina||Perez|barista|50000362|08257|BOCA RATON|FL|334320000|US||EN|2014-06-20||1|||000000000000007778984
US2021061|Starbucks|US1045236|Sarah|Sarah|Jane|Colson|barista|50000362|11202|NORTH CHARLESTON|SC|294060000|US||EN|2014-06-19||1|||000000000000007778985
US2021062|Starbucks|US1251475|Richard|Richard|Anthony|Fieber|barista|50000362|02799|SIOUX FALLS|SD|571040000|US||EN|2014-06-19||1|||000000000000007778986
US2021064|Starbucks|US1740111|Jorgen|Jorgen|Jeanette|Knutson|barista|50000362|02452|MINNEAPOLIS|MN|554050000|US||EN|2014-06-19||1|||000000000000007778987
US2021065|Starbucks|US1918740|Mary|Mary|B|Newcomb|barista|50000362|02300|CLEVELAND|OH|441950000|US||EN|2014-06-19||1|||000000000000007778988
US2021066|Starbucks|US1696888|Keisha|Keisha|Resha|Lowry|barista|50000362|09810|CONWAY|AR|720320000|US||EN|2014-06-19||1|||000000000000007778989
US2021067|Starbucks|US1309025|Janet|Janet|Marie|Vanderberg|barista|50000362|19901|NIAGARA FALLS|NY|143040000|US||EN|2014-06-19||1|||000000000000007778990
US2021068|Starbucks|US223604|Jessica|Jessica||Camp|barista|50000362|08983|JACKSONVILLE|FL|322460000|US||EN|2014-06-23||1|||000000000000007778991
US2021072|Starbucks|US1224721|Mahdi|Mahdi|H|Ali|barista|50000362|11075|ROUND ROCK|TX|786640000|US||EN|2014-06-20||1|||000000000000007778993
US2021076|Starbucks|US1562159|Stephanie|Stephanie||Sommerfeld|barista|50000362|08108|FRESNO|CA|937205474|US||EN|2014-06-19||1|||000000000000007778996
US2021078|Starbucks|US1025558|Breanna|Breanna|Marie|Viles|barista|50000362|05391|ENCINITAS|CA|920240000|US||EN|2014-06-19||1|||000000000000007778997
US2021081|Starbucks|US329934|Roshel|Roshel||Mullokandov|barista|50000362|00743|BETHESDA|MD|208140000|US||EN|2014-06-19||1|||000000000000007778998
US2021082|Starbucks|US1439602|Jessica|Jessica|Soraya|Cortijo|barista|50000362|07587|NEW YORK|NY|100100000|US||EN|2014-06-19||1|||000000000000007778999
US2021085|Starbucks|US1177978|Brandon|Brandon|Yerel|Cuyun|barista|50000362|19878|GATHERSBURG|MD|208780000|US||EN|2014-06-23||1|||000000000000007779002
US2021086|Starbucks|US1503067|Emily|Emily||De la cruz|barista|50000362|07474|NEW YORK|NY|100250000|US||EN|2014-06-23||1|||000000000000007779003
US2021087|Starbucks|US1395627|Lauren|Lauren|Jae|Dahms|barista|50000362|02572|MADISON|WI|537190000|US||EN|2014-06-23||1|||000000000000007779004
US2021090|Starbucks|US1643637|Jayme|Jayme|Leigh|Siers|barista|50000362|00312|TACOMA|WA|984080000|US||EN|2014-06-23||1|||000000000000007779006
US2021092|Starbucks|US1457179|Frankie|Frankie||Jones|barista|50000362|08473|ATLANTA|GA|303290000|US||EN|2014-06-19||1|||000000000000007779007
US2021093|Starbucks|US1502083|Amanda|Amanda|Marie|Buffington|barista|50000362|10737|INDIANAPOLIS|IN|462190000|US||EN|2014-06-19||1|||000000000000007779008
US2021095|Starbucks|US351612|Alyssa|Alyssa||Suriano|barista|50000362|13440|DES PLAINES|IL|600180000|US||EN|2014-06-20||1|||000000000000007779009
US2021096|Starbucks|US1285788|Nicole|Nicole||Deangelis|barista|50000362|00859|FLORHAM PARK|NJ|079321314|US||EN|2014-06-19||1|||000000000000007779010
US2021097|Starbucks|US320149|Amanda|Amanda|Mae|Schnaare|barista|50000362|02959|RACINE|WI|534060000|US||EN|2014-06-19||1|||000000000000007779011
US2021098|Starbucks|US1147742|Kayla|Kayla|Mary|Hill|barista|50000362|08123|CARMEL|IN|460330000|US||EN|2014-06-19||1|||000000000000007779012
US2021099|Starbucks|US1529246|Douglas|Douglas|Andrew|Morris|barista|50000362|10078|SPRINGFIELD|MO|658040000|US||EN|2014-06-12||1|||000000000000007779013
US2021101|Starbucks|US1938625|William|William|Ray|Lockman Jr|barista|50000362|10695|PRINEVILLE|OR|977540000|US||EN|2014-06-20||1|||000000000000007779015
US2021105|Starbucks|US1938625|Kristina|Kristina|Renee|Clark|barista|50000362|10695|PRINEVILLE|OR|977540000|US||EN|2014-06-20||1|||000000000000007779018
US2021108|Starbucks|US1298130|Mahlon|Mahlon|Dennis|Williams|barista|50000362|17738|NEW YORK|NY|100190000|US||EN|2014-06-23||1|||000000000000007779020
US2021292|Starbucks|US1484191|Jackson|Jackson|Oliver|Teague|barista|50000362|07936|POUGHKEEPSIE|NY|126030000|US||EN|2014-06-21||1|||000000000000007963822
US2021293|Starbucks|US1484191|Hannah|Hannah||Silvieus|barista|50000362|07936|POUGHKEEPSIE|NY|126030000|US||EN|2014-06-24||1|||000000000000007963823
US2021294|Starbucks|US1011065|Kayla|Kayla||Dishman|payroll analyst|50009450|0000840160|Seattle|WA|981340000|US|KDISHMAN@STARBUCKS.COM|EN|2014-06-23||1|||000000000000007963824
US2021322|Starbucks|US1542107|Rachel|Rachel|Ann|Urban|barista|50000362|09479|COTTAGE GROVE|MN|550160000|US||EN|2014-06-16||1|||000000000000007779157
US2021323|Starbucks|US1596321|Evan|Evan|Randall|Robbins|barista|50000362|08466|ORMOND BEACH|FL|321760000|US||EN|2014-06-20||1|||000000000000007779158
US2021329|Starbucks|US1512522|Christopher|Christopher|Joshua|Tejera|barista|50000362|11039|KISSIMMEE|FL|347410000|US||EN|2014-06-20||1|||000000000000007779162
US2021330|Starbucks|US269075|Jenny lyn|Jenny lyn||Yet|barista|50000362|05754|SAN LORENZO|CA|945800000|US||EN|2014-06-20||1|||000000000000007779163
US2021333|Starbucks|US1508244|Kristen|Kristen||Swanson|barista|50000362|10521|PITTSBURGH|PA|152060000|US||EN|2014-06-16||1|||000000000000007779165
US2021334|Starbucks|US1508244|Brian|Brian|James|Wilson|barista|50000362|10521|PITTSBURGH|PA|152060000|US||EN|2014-06-23||1|||000000000000007779166
US2021336|Starbucks|US1192144|Miranda|Miranda|Rosemary|Langfield|barista|50000362|13489|CASTLE ROCK|CO|801080000|US||EN|2014-06-20||1|||000000000000007779168
US2021338|Starbucks|US1782487|Xavier|Xavier|A|Grullon|barista|50000362|08549|BRANDON|FL|335110000|US||EN|2014-06-20||1|||000000000000007779170
US2021339|Starbucks|US1328268|Andrew|Andrew||Hartman|barista|50000362|02804|VIENNA|VA|221800000|US||EN|2014-06-20||1|||000000000000007779171
US2021341|Starbucks|US1448066|Jacob|Jacob||Minardi|barista|50000362|09554|NORTHGLENN|CO|802335701|US||EN|2014-06-20||1|||000000000000007779172
US2021345|Starbucks|US1578412|Matthew|Matthew|William|Kinscherff|barista|50000362|22253|ALLSTON|MA|021340000|US||EN|2014-06-24||1|||000000000000007779173
US2021349|Starbucks|US1909658|Tennille|Tennille|S|Greene|store manager|50000117|19806|SALINA|KS|674010000|US||EN|2014-06-23||1|||000000000000007779175
US2021351|Starbucks|US1853868|Lauren|Lauren|Briana|Fausett|barista|50000362|11309|SOUTH SALT LAKE CITY|UT|841150000|US||EN|2014-06-20||1|||000000000000007779176
US2021352|Starbucks|US1544572|Justice|Justice||Garner|barista|50000362|13737|NEW IBERIA|LA|705606301|US||EN|2014-06-23||1|||000000000000007779177
US2021353|Starbucks|US1406625|Eric|Eric||Hudson|barista|50000362|08500|PINEVILLE|NC|281340000|US||EN|2014-06-20||1|||000000000000007779178
US2021355|Starbucks|US1765298|Markeshia|Markeshia|Lynn|Aaron|barista|50000362|11284|WOOSTER|OH|446918586|US||EN|2014-06-20||1|||000000000000007779179
US2021356|Starbucks|US1155041|Regina|Regina|Mae|Giliano|barista|50000362|10635|LEMONT|IL|604390000|US||EN|2014-06-20||1|||000000000000007779180
US2021357|Starbucks|US1052276|Shanieka|Shanieka|Christina|Miller|barista|50000362|09265|STRATFORD|CT|066140000|US||EN|2014-06-24||1|||000000000000007779181
US2021359|Starbucks|US1918317|Jose|Jose|Jesus|Gallo|barista|50000362|05959|RESEDA|CA|913356302|US||EN|2014-06-20||1|||000000000000007779183
US2021360|Starbucks|US1472119|Hailee|Hailee|Keaton|Reeves|barista|50000362|10422|ROGERS|AR|727560000|US||EN|2014-06-23||1|||000000000000007779184
US2021361|Starbucks|US1602268|Lauren|Lauren|Rose|Lombardo|barista|50000362|13776|OAK HARBOR|WA|982770000|US||EN|2014-06-20||1|||000000000000007779185
US2021364|Starbucks|US299150|Sean|Sean|Damon|Mitchell|barista|50000362|00537|ARCADIA|CA|910060000|US||EN|2014-06-23||1|||000000000000007779187
US2021366|Starbucks|US1792313|James|James|Louis|Gaither III|barista|50000362|10470|SAN ANTONIO|TX|782450000|US||EN|2014-06-20||1|||000000000000007779188
US2021367|Starbucks|US1457886|Danielle|Danielle||Ehret|barista|50000362|10914|NEWTOWN SQUARE|PA|190734128|US||EN|2014-06-20||1|||000000000000007779189
US2021370|Starbucks|US1768008|Nathaniel|Nathaniel|Vance|Forry|barista|50000362|02575|CINCINNATI|OH|452360000|US||EN|2014-06-23||1|||000000000000007779191
US2021372|Starbucks|US1220316|Joseph|Joseph|Countess|Brueneman|barista|50000362|07606|HERNDON|VA|201710000|US||EN|2014-06-23||1|||000000000000007779192
US2021378|Starbucks|US1239284|Sarah|Sarah|Monique|Padilla|barista|50000362|00254|CENTENNIAL|CO|801123194|US||EN|2014-06-20||1|||000000000000007779194
US2021379|Starbucks|US1084694|Giuseppe|Giuseppe||Mirizzi|barista|50000362|07526|HERNDON|VA|201710000|US||EN|2014-06-24||1|||000000000000007779195
US2021381|Starbucks|US1328268|Ronald|Ronald|Byron|Kirkemo III|barista|50000362|02804|VIENNA|VA|221800000|US||EN|2014-06-20||1|||000000000000007779196
US2021382|Starbucks|US1464814|Nicolette|Nicolette||Rodriguez|barista|50000362|09234|LOS ANGELES|CA|900130000|US||EN|2014-06-27||1|||000000000000007779197
US2021383|Starbucks|US1095821|Mohammed|Mohammed|Mounir|Ayoub|barista|50000362|08203|MARIETTA|GA|300660000|US||EN|2014-06-23||1|||000000000000007779198
US2021384|Starbucks|US228689|Rebecca|Rebecca|Lynn|Winner|barista|50000362|00434|MILWAUKIE|OR|972670000|US||EN|2014-06-23||1|||000000000000007779199
US2021387|Starbucks|US1158027|Seth|Seth|Patrick|Demasi|barista|50000362|18392|SAN ANTONIO|TX|782540000|US||EN|2014-06-23||1|||000000000000007779201
US2021557|Starbucks|US1255289|Andrew|Andrew||Marinelli|barista|50000362|18818|EWA BEACH|HI|967066363|US||EN|2014-06-21||1|||000000000000007779312
US2021558|Starbucks|US207926|Shelby|Shelby|Lynn|Zengerle|barista|50000362|06378|SCHERTZ|TX|781540000|US||EN|2014-06-22||1|||000000000000007779313
US2021560|Starbucks|US1717313|Andrea|Andrea||Ruiz|barista|50000362|10122|HOUSTON|TX|770310000|US||EN|2014-06-22||1|||000000000000007779314
US2021563|Starbucks|US1568288|Shelby|Shelby|Grace|Kamman|barista|50000362|14052|MONTGOMERY|TX|773560000|US||EN|2014-06-22||1|||000000000000007779316
US2021566|Starbucks|US1255289|Shiela|Shiela|M|Howell|barista|50000362|18818|EWA BEACH|HI|967066363|US||EN|2014-06-21||1|||000000000000007779317
US2021567|Starbucks|US1374657|April|April|Loraine|Thompson|barista|50000362|11095|KING CITY|CA|939300000|US||EN|2014-06-21||1|||000000000000007779318
US2021568|Starbucks|US1053649|Brooke|Brooke||Cowgill|barista|50000362|15194|AKRON|OH|443130000|US||EN|2014-08-21||1|||000000000000007779319
US2021569|Starbucks|US1307431|Sierra|Sierra|Reigh|Mosely|barista|50000362|10130|ATASCADERO|CA|934221424|US||EN|2014-06-21||1|||000000000000007779320
US2021570|Starbucks|US1762618|Tymesha|Tymesha|Roechelle|Savoy|barista|50000362|07865|WASHINGTON|DC|200090000|US||EN|2014-06-22||1|||000000000000007779321
US2021571|Starbucks|US1518869|Kelona|Kelona||Ware|barista|50000362|06419|KATY|TX|774500000|US||EN|2014-06-23||1|||000000000000007779322
US2021572|Starbucks|US1779835|Elle|Elle||Fryhling|barista|50000362|02939|STEAMBOAT SPRINGS|CO|804770000|US||EN|2014-06-21||1|||000000000000007779323
US2021573|Starbucks|US1374657|Napoleon|Napoleon|Ricardo|Miranda|barista|50000362|11095|KING CITY|CA|939300000|US||EN|2014-06-21||1|||000000000000007779324
US2021574|Starbucks|US1979502|Jose|Jose|Carlos|Valdez|barista|50000362|06961|VAN NUYS|CA|914060000|US||EN|2014-06-24||1|||000000000000007779325
US2021575|Starbucks|US1262250|Savannah|Savannah|Jo|Sellmeyer|barista|50000362|00341|TACOMA|WA|984020000|US||EN|2014-06-30||1|||000000000000007779326
US2021576|Starbucks|US1070037|Angela|Angela||Ma|barista|50000362|10347|SAN FRANCISCO|CA|941030000|US||EN|2014-06-25||1|||000000000000007779327
US2021578|Starbucks|US1616942|Lesley|Lesley|Noel|Whitmore|barista|50000362|09266|ANKENY|IA|500210000|US||EN|2014-06-21||1|||000000000000007779329
US2021579|Starbucks|US1795297|Andrea|Andrea|Maria|Rivera|barista|50000362|10195|EVANS|GA|308090000|US||EN|2014-07-01||1|||000000000000007779330
US2021580|Starbucks|US1381090|Tiffany|Tiffany|Laura danielle|Combs|barista|50000362|02687|LEXINGTON|KY|405020000|US||EN|2014-06-23||1|||000000000000007779331
US2021582|Starbucks|US1678599|Oscar|Oscar|Leonel|Perez|barista|50000362|17356|IRVINE|CA|926060000|US||EN|2014-06-23||1|||000000000000007779333
US2021584|Starbucks|US1301307|Angelica|Angelica|Lynn|Lopez johnson Jr|barista|50000362|03715|LYNNWOOD|WA|980360000|US||EN|2014-07-07||1|||000000000000007779334
US2021585|Starbucks|US1694860|Sydney|Sydney||Barber|barista|50000362|02680|DES MOINES|IA|503090000|US||EN|2014-06-21||1|||000000000000007779335
US2021587|Starbucks|US1878482|Stephen|Stephen||Swaringin|barista|50000362|19875|SAN ANGELO|TX|769030000|US||EN|2014-06-21||1|||000000000000007779336
US2021589|Starbucks|US257528|Crystal|Crystal|Gaytan|Aragon II|barista|50000362|10939|LOS ANGELES|CA|900150000|US||EN|2014-06-27||1|||000000000000007779337
US2021594|Starbucks|US1945373|Loran|Loran||Rhiannon|barista|50000362|11105|DENVER|CO|802120000|US||EN|2014-06-23||1|||000000000000007779340
US2021596|Starbucks|US1945373|Edith|Edith||Gonzalez|barista|50000362|11105|DENVER|CO|802120000|US||EN|2014-06-27||1|||000000000000007779342
US2021597|Starbucks|US245386|Kirby|Kirby||Hodge|barista|50000362|10826|DEKALB|IL|601150000|US||EN|2014-06-23||1|||000000000000007779343
US2021599|Starbucks|US1201591|Gabrielle|Gabrielle|Kache|Marsh|barista|50000362|06275|THE WOODLANDS|TX|773802173|US||EN|2014-06-22||1|||000000000000007779344
US2021600|Starbucks|US1945373|India|India|Arah rose|Marks|barista|50000362|11105|DENVER|CO|802120000|US||EN|2014-06-23||1|||000000000000007779345
US2021601|Starbucks|US1711664|Marisa|Marisa|Lynn|Bozza|barista|50000362|13425|BROOMFIELD|CO|800210000|US||EN|2014-06-23||1|||000000000000007779346
US2021603|Starbucks|US1278638|Tori|Tori||Burton|barista|50000362|13773|MURFREESBORO|TN|371305977|US||EN|2014-06-24||1|||000000000000007779347
US2021604|Starbucks|US1255289|Drew|Drew|Thomas|Mcgovern|barista|50000362|18818|EWA BEACH|HI|967066363|US||EN|2014-06-22||1|||000000000000007779348
US2021605|Starbucks|US1224920|Devon|Devon||Van syckel|barista|50000362|08685|RIFLE|CO|816500000|US||EN|2014-06-23||1|||000000000000007779349
US2021606|Starbucks|US207926|Meredith|Meredith|Paige|Berry|barista|50000362|06378|SCHERTZ|TX|781540000|US||EN|2014-06-22||1|||000000000000007779350
US2021608|Starbucks|US1218611|Lisa|Lisa|Maria|Coletta|barista|50000362|07220|WOODBURY|NY|117970000|US||EN|2014-06-22||1|||000000000000007779351
US2021611|Starbucks|US1717381|Madeline|Madeline||Murnane|barista|50000362|00256|NORTHFIELD|IL|600930000|US||EN|2014-06-22||1|||000000000000007779352
US2021613|Starbucks|US1813957|Bianca|Bianca|Yvonne|Castro|shift supervisor|50000358|14400|DINUBA|CA|936180000|US||EN|2014-06-22||1|||000000000000007779353
US2021614|Starbucks|US1237202|Barbara|Barbara|Ann|Reid|barista|50000362|03263|PORT ORCHARD|WA|983660000|US||EN|2014-07-07||1|||000000000000007779354
US2021621|Starbucks|US1382909|Ila|Ila|Jade|Mctaggart|barista|50000362|14045|PORTLAND|OR|972322726|US||EN|2014-06-23||1|||000000000000007779357
US2021623|Starbucks|US1637074|Holland|Holland|Taylor|Vanhemert|barista|50000362|21029|LAHAINA|HI|967610000|US||EN|2014-06-22||1|||000000000000007779359
US2021625|Starbucks|US1040700|Nethaneel|Nethaneel|Elisha|Williams|barista|50000362|11615|PENSACOLA|FL|325030000|US||EN|2014-06-23||1|||000000000000007779361
US2021627|Starbucks|US1977545|Carelle|Carelle|Shanice|Cadle|barista|50000362|08608|LOS ANGELES|CA|902300000|US||EN|2014-06-25||1|||000000000000007779362
US2021628|Starbucks|US1663857|Catherine|Catherine||Smith|barista|50000362|10904|BROADVIEW|IL|601550000|US||EN|2014-06-22||1|||000000000000007779363
US2021629|Starbucks|US1663857|Kevin|Kevin||Alvarado|barista|50000362|10904|BROADVIEW|IL|601550000|US||EN|2014-06-22||1|||000000000000007779364
US2021815|Starbucks|US1679384|Hannah|Hannah|Nicole|Cornwell|barista|50000362|11206|MARBLE FALLS|TX|786540000|US||EN|2014-06-23||1|||000000000000007779509
US2021817|Starbucks|US1494496|William|William|Christopher|Varas|barista|50000362|07744|FREDERICK|MD|217030000|US||EN|2014-06-23||1|||000000000000007779510
US2021818|Starbucks|US1729041|Ariel|Ariel|Jose|Olivera|barista|50000362|11392|FORT MYERS|FL|339010000|US||EN|2014-06-24||1|||000000000000007779511
US2021820|Starbucks|US1393695|Sophia|Sophia|Lynne|Greger|barista|50000362|02648|MINNEAPOLIS|MN|554030000|US||EN|2014-06-23||1|||000000000000007779513
US2021828|Starbucks|US1752862|Nicholas|Nicholas|Daniel|Greiner|barista|50000362|11147|TARENTUM|PA|150843841|US||EN|2014-06-23||1|||000000000000007779518
US2021829|Starbucks|US1181845|Evan|Evan|Connor|Bollard|barista|50000362|08119|SCHAUMBURG|IL|601950000|US||EN|2014-06-23||1|||000000000000007779519
US2021830|Starbucks|US269075|Cassandra|Cassandra||Hernandez|shift supervisor|50000358|05754|SAN LORENZO|CA|945800000|US||EN|2014-06-23||1|||000000000000007779520
US2021831|Starbucks|US1657096|Makida|Makida|Asha|Bartholomew II|barista|50000362|07403|NEW YORK|NY|100180000|US||EN|2014-06-23||1|||000000000000007779521
US2021833|Starbucks|US1440501|Caroline|Caroline|Elizabeth|Araiza|barista|50000362|06853|LONGVIEW|TX|756050000|US||EN|2014-06-23||1|||000000000000007779522
US2021834|Starbucks|US924902|Jesada|Jesada|James|Kangromklang|barista|50000362|07555|ASTORIA|NY|111050000|US||EN|2014-06-23||1|||000000000000007779523
US2021835|Starbucks|US1426276|Shawn|Shawn||Dieckman|barista|50000362|13634|TULSA|OK|741370000|US||EN|2014-06-23||1|||000000000000007779524
US2021836|Starbucks|US2029292|Chaez|Chaez|Wongsun tanoai akao|Mokiao Sr|barista|50000362|05278|LAS VEGAS|NV|891090000|US||EN|2014-06-23||1|||000000000000007779525
US2021837|Starbucks|US1175889|Isleen|Isleen|Sophia|Jimenez|barista|50000362|06799|SOLEDAD|CA|939600000|US||EN|2014-07-01||1|||000000000000007779526
US2021838|Starbucks|US1429734|Jessica|Jessica||White|shift supervisor|50000358|20756|SAN ANTONIO|TX|782290000|US||EN|2014-06-17||1|||000000000000007779527
US2021839|Starbucks|US1150772|Katherine|Katherine|L|Paurus|barista|50000362|10764|EDMONDS|WA|980200000|US||EN|2014-06-23||1|||000000000000007779528
US2021840|Starbucks|US1741409|Claire|Claire|Annaliese|Wycoff|barista|50000362|06759|MONUMENT|CO|801320000|US||EN|2014-06-23||1|||000000000000007779529
US2021841|Starbucks|US320955|Diana|Diana|Jacqueline|Nunez montes|barista|50000362|16609|SANTA FE|NM|875050000|US||EN|2014-06-23||1|||000000000000007779530
US2021842|Starbucks|US1542434|Sachiko|Sachiko|Dolores|Silva|barista|50000362|22822|EL SOBRANTE|CA|948030000|US||EN|2014-06-23||1|||000000000000007779531
US2021843|Starbucks|US1092933|Hayden|Hayden|Charles|Jackson|barista|50000362|10666|RIVERSIDE|CA|925073601|US||EN|2014-06-23||1|||000000000000007779532
US2021844|Starbucks|US1745417|Phillip|Phillip|Rumaldo|Miranda|barista|50000362|05491|LOS ANGELES|CA|900450000|US||EN|2014-06-25||1|||000000000000007779533
US2021845|Starbucks|US1638090|Stephanie|Stephanie|Nichole|Thomas|barista|50000362|08845|BREEZEWOOD|PA|155330000|US||EN|2014-06-23||1|||000000000000007779534
US2021846|Starbucks|US1256729|Angelica|Angelica|Amelia|Salas|barista|50000362|06886|CLOVIS|CA|936110000|US||EN|2014-06-23||1|||000000000000007779535
US2021847|Starbucks|US274261|Michael|Michael||Atencio|barista|50000362|21609|ORLANDO|FL|328190000|US||EN|2014-06-23||1|||000000000000007779536
US2021848|Starbucks|US1545345|Delaney|Delaney||Costello|barista|50000362|00413|PORTLAND|OR|972020000|US||EN|2014-06-23||1|||000000000000007779537
US2021849|Starbucks|US1575394|Geraldine|Geraldine||Lopez|barista|50000362|10043|LAS VEGAS|NV|891184628|US||EN|2014-06-23||1|||000000000000007779538
US2021853|Starbucks|US1169550|Cody|Cody|Grant|Turner|barista|50000362|10062|HUNTSVILLE|AL|358010000|US||EN|2014-06-23||1|||000000000000007779542
US2021854|Starbucks|US1859228|Ashley|Ashley|Nicole|King|barista|50000362|10177|SPOKANE|WA|992240000|US||EN|2014-06-23||1|||000000000000007779543
US2021857|Starbucks|US1713974|William|William|Dale|Griffith II|barista|50000362|11369|NANUET|NY|109540000|US||EN|2014-06-23||1|||000000000000007779545
US2021858|Starbucks|US1395835|Niko|Niko||Cinquepalmi|barista|50000362|10027|NORMAL|IL|617610000|US||EN|2014-06-23||1|||000000000000007779546
US2021859|Starbucks|US311589|Alexis|Alexis|Nicole|Payne|barista|50000362|05766|GOLETA|CA|931170000|US||EN|2014-07-07||1|||000000000000007779547
US2021860|Starbucks|US1622796|Janet ruth|Janet ruth||Pascual|barista|50000362|05383|PASADENA|CA|911050000|US||EN|2014-06-23||1|||000000000000007779548
US2021861|Starbucks|US1767398|Rushba|Rushba||Tariq|barista|50000362|07565|MILTON|MA|021860000|US||EN|2014-06-23||1|||000000000000007779549
US2021863|Starbucks|US1409437|Adam|Adam|Jason|Christian|barista|50000362|00798|MONTGOMERYVILLE|PA|189369601|US||EN|2014-06-23||1|||000000000000007779551
US2021864|Starbucks|US1453557|Richard|Richard||Vieira|barista|50000362|13454|MIDDLETOWN|NY|109402254|US||EN|2014-06-23||1|||000000000000007779552
US2021865|Starbucks|US1354148|Michael|Michael|L|Moore II|barista|50000362|08312|TAMPA|FL|336070000|US||EN|2014-06-23||1|||000000000000007779553
US2021867|Starbucks|US1726972|Claire|Claire||Kelly|barista|50000362|02363|MILWAUKEE|WI|532330000|US||EN|2014-07-08||1|||000000000000007779555
US2021868|Starbucks|US1841883|Amber|Amber|Lynn|Davis forde|barista|50000362|14530|FERNLEY|NV|894080000|US||EN|2014-06-23||1|||000000000000007779556
US2021870|Starbucks|US1806464|Catherine|Catherine|Elisabeth|Gibson|barista|50000362|13715|NORTH CONWAY|NH|038600000|US||EN|2014-06-23||1|||000000000000007779558
US2021871|Starbucks|US1820571|Harrison|Harrison|Tyler|Wagstaf|barista|50000362|09335|ST. LOUIS|MO|631290000|US||EN|2014-07-01||0|||000000000000007779559
US2021872|Starbucks|US1308163|Em|Em|Ngoc|Tu|barista|50000362|10500|MANCHESTER|CT|060401728|US||EN|2014-06-23||1|||000000000000007779560
US2021875|Starbucks|US1478009|Grace|Grace|Ellen|Kinkade|barista|50000362|11082|CHEYENNE|WY|820010000|US||EN|2014-06-23||1|||000000000000007779561